ID,14-Feb-2020,21-Feb-2020
HO3_1,1vs1_reversed_1,1vs1_reversed_2
HO3_2,1vs1_reversed_1,1vs1_reversed_2
HO3_3,1vs1_reversed_1,1vs1_reversed_2
HO3_4,1vs1_reversed_1,1vs1_reversed_2
HO3_5,1vs1_reversed_1,1vs1_reversed_2
HO3_6,1vs1_reversed_1,1vs1_reversed_2
HO3_7,1vs1_reversed_1,1vs1_reversed_2
HO3_8,1vs1_reversed_1,1vs1_reversed_2
HO3_9,1vs1_reversed_1,1vs1_reversed_2
HO3_10,1vs1_reversed_1,1vs1_reversed_2
HO3_11,1vs1_reversed_1,1vs1_reversed_2
HO3_12,1vs1_reversed_1,1vs1_reversed_2
HO3_13,1vs1_reversed_1,1vs1_reversed_2
HO3_14,1vs1_reversed_1,1vs1_reversed_2
HO3_15,1vs1_reversed_1,1vs1_reversed_2
HO3_16,1vs1_reversed_1,1vs1_reversed_2